sample,fastq_1
GSM5333281,/nemo/lab/patanir/home/users/palk/Projects/0006-phase-condensation-of-repeats-in-neurons/analysis/00-manuscript/41-magen-et-al-miRNA-seq/fastq/SRR14631722.fastq.gz
GSM5333282,/nemo/lab/patanir/home/users/palk/Projects/0006-phase-condensation-of-repeats-in-neurons/analysis/00-manuscript/41-magen-et-al-miRNA-seq/fastq/SRR14631723.fastq.gz
GSM5333283,/nemo/lab/patanir/home/users/palk/Projects/0006-phase-condensation-of-repeats-in-neurons/analysis/00-manuscript/41-magen-et-al-miRNA-seq/fastq/SRR14631724.fastq.gz
GSM5333284,/nemo/lab/patanir/home/users/palk/Projects/0006-phase-condensation-of-repeats-in-neurons/analysis/00-manuscript/41-magen-et-al-miRNA-seq/fastq/SRR14631725.fastq.gz
GSM5333285,/nemo/lab/patanir/home/users/palk/Projects/0006-phase-condensation-of-repeats-in-neurons/analysis/00-manuscript/41-magen-et-al-miRNA-seq/fastq/SRR14631726.fastq.gz
GSM5333287,/nemo/lab/patanir/home/users/palk/Projects/0006-phase-condensation-of-repeats-in-neurons/analysis/00-manuscript/41-magen-et-al-miRNA-seq/fastq/SRR14631728.fastq.gz
GSM5333288,/nemo/lab/patanir/home/users/palk/Projects/0006-phase-condensation-of-repeats-in-neurons/analysis/00-manuscript/41-magen-et-al-miRNA-seq/fastq/SRR14631729.fastq.gz
GSM5333289,/nemo/lab/patanir/home/users/palk/Projects/0006-phase-condensation-of-repeats-in-neurons/analysis/00-manuscript/41-magen-et-al-miRNA-seq/fastq/SRR14631730.fastq.gz
GSM5333290,/nemo/lab/patanir/home/users/palk/Projects/0006-phase-condensation-of-repeats-in-neurons/analysis/00-manuscript/41-magen-et-al-miRNA-seq/fastq/SRR14631731.fastq.gz
GSM5333291,/nemo/lab/patanir/home/users/palk/Projects/0006-phase-condensation-of-repeats-in-neurons/analysis/00-manuscript/41-magen-et-al-miRNA-seq/fastq/SRR14631732.fastq.gz
GSM5333292,/nemo/lab/patanir/home/users/palk/Projects/0006-phase-condensation-of-repeats-in-neurons/analysis/00-manuscript/41-magen-et-al-miRNA-seq/fastq/SRR14631733.fastq.gz
GSM5333293,/nemo/lab/patanir/home/users/palk/Projects/0006-phase-condensation-of-repeats-in-neurons/analysis/00-manuscript/41-magen-et-al-miRNA-seq/fastq/SRR14631734.fastq.gz
GSM5333297,/nemo/lab/patanir/home/users/palk/Projects/0006-phase-condensation-of-repeats-in-neurons/analysis/00-manuscript/41-magen-et-al-miRNA-seq/fastq/SRR14631738.fastq.gz
GSM5333299,/nemo/lab/patanir/home/users/palk/Projects/0006-phase-condensation-of-repeats-in-neurons/analysis/00-manuscript/41-magen-et-al-miRNA-seq/fastq/SRR14631740.fastq.gz
GSM5333300,/nemo/lab/patanir/home/users/palk/Projects/0006-phase-condensation-of-repeats-in-neurons/analysis/00-manuscript/41-magen-et-al-miRNA-seq/fastq/SRR14631741.fastq.gz
GSM5333301,/nemo/lab/patanir/home/users/palk/Projects/0006-phase-condensation-of-repeats-in-neurons/analysis/00-manuscript/41-magen-et-al-miRNA-seq/fastq/SRR14631742.fastq.gz
GSM5333302,/nemo/lab/patanir/home/users/palk/Projects/0006-phase-condensation-of-repeats-in-neurons/analysis/00-manuscript/41-magen-et-al-miRNA-seq/fastq/SRR14631743.fastq.gz
GSM5333305,/nemo/lab/patanir/home/users/palk/Projects/0006-phase-condensation-of-repeats-in-neurons/analysis/00-manuscript/41-magen-et-al-miRNA-seq/fastq/SRR14631746.fastq.gz
GSM5333306,/nemo/lab/patanir/home/users/palk/Projects/0006-phase-condensation-of-repeats-in-neurons/analysis/00-manuscript/41-magen-et-al-miRNA-seq/fastq/SRR14631747.fastq.gz
GSM5333307,/nemo/lab/patanir/home/users/palk/Projects/0006-phase-condensation-of-repeats-in-neurons/analysis/00-manuscript/41-magen-et-al-miRNA-seq/fastq/SRR14631748.fastq.gz
GSM5333308,/nemo/lab/patanir/home/users/palk/Projects/0006-phase-condensation-of-repeats-in-neurons/analysis/00-manuscript/41-magen-et-al-miRNA-seq/fastq/SRR14631749.fastq.gz
GSM5333309,/nemo/lab/patanir/home/users/palk/Projects/0006-phase-condensation-of-repeats-in-neurons/analysis/00-manuscript/41-magen-et-al-miRNA-seq/fastq/SRR14631750.fastq.gz
GSM5333312,/nemo/lab/patanir/home/users/palk/Projects/0006-phase-condensation-of-repeats-in-neurons/analysis/00-manuscript/41-magen-et-al-miRNA-seq/fastq/SRR14631753.fastq.gz
GSM5333313,/nemo/lab/patanir/home/users/palk/Projects/0006-phase-condensation-of-repeats-in-neurons/analysis/00-manuscript/41-magen-et-al-miRNA-seq/fastq/SRR14631754.fastq.gz
GSM5333316,/nemo/lab/patanir/home/users/palk/Projects/0006-phase-condensation-of-repeats-in-neurons/analysis/00-manuscript/41-magen-et-al-miRNA-seq/fastq/SRR14631757.fastq.gz
GSM5333317,/nemo/lab/patanir/home/users/palk/Projects/0006-phase-condensation-of-repeats-in-neurons/analysis/00-manuscript/41-magen-et-al-miRNA-seq/fastq/SRR14631758.fastq.gz
GSM5333319,/nemo/lab/patanir/home/users/palk/Projects/0006-phase-condensation-of-repeats-in-neurons/analysis/00-manuscript/41-magen-et-al-miRNA-seq/fastq/SRR14631760.fastq.gz
GSM5333320,/nemo/lab/patanir/home/users/palk/Projects/0006-phase-condensation-of-repeats-in-neurons/analysis/00-manuscript/41-magen-et-al-miRNA-seq/fastq/SRR14631761.fastq.gz
GSM5333323,/nemo/lab/patanir/home/users/palk/Projects/0006-phase-condensation-of-repeats-in-neurons/analysis/00-manuscript/41-magen-et-al-miRNA-seq/fastq/SRR14631764.fastq.gz
GSM5333324,/nemo/lab/patanir/home/users/palk/Projects/0006-phase-condensation-of-repeats-in-neurons/analysis/00-manuscript/41-magen-et-al-miRNA-seq/fastq/SRR14631765.fastq.gz
GSM5333325,/nemo/lab/patanir/home/users/palk/Projects/0006-phase-condensation-of-repeats-in-neurons/analysis/00-manuscript/41-magen-et-al-miRNA-seq/fastq/SRR14631766.fastq.gz
GSM5333328,/nemo/lab/patanir/home/users/palk/Projects/0006-phase-condensation-of-repeats-in-neurons/analysis/00-manuscript/41-magen-et-al-miRNA-seq/fastq/SRR14631769.fastq.gz
GSM5333329,/nemo/lab/patanir/home/users/palk/Projects/0006-phase-condensation-of-repeats-in-neurons/analysis/00-manuscript/41-magen-et-al-miRNA-seq/fastq/SRR14631770.fastq.gz
GSM5333330,/nemo/lab/patanir/home/users/palk/Projects/0006-phase-condensation-of-repeats-in-neurons/analysis/00-manuscript/41-magen-et-al-miRNA-seq/fastq/SRR14631771.fastq.gz
GSM5333331,/nemo/lab/patanir/home/users/palk/Projects/0006-phase-condensation-of-repeats-in-neurons/analysis/00-manuscript/41-magen-et-al-miRNA-seq/fastq/SRR14631772.fastq.gz
GSM5333333,/nemo/lab/patanir/home/users/palk/Projects/0006-phase-condensation-of-repeats-in-neurons/analysis/00-manuscript/41-magen-et-al-miRNA-seq/fastq/SRR14631774.fastq.gz
GSM5333334,/nemo/lab/patanir/home/users/palk/Projects/0006-phase-condensation-of-repeats-in-neurons/analysis/00-manuscript/41-magen-et-al-miRNA-seq/fastq/SRR14631775.fastq.gz
GSM5333336,/nemo/lab/patanir/home/users/palk/Projects/0006-phase-condensation-of-repeats-in-neurons/analysis/00-manuscript/41-magen-et-al-miRNA-seq/fastq/SRR14631777.fastq.gz
GSM5333337,/nemo/lab/patanir/home/users/palk/Projects/0006-phase-condensation-of-repeats-in-neurons/analysis/00-manuscript/41-magen-et-al-miRNA-seq/fastq/SRR14631778.fastq.gz
GSM5333342,/nemo/lab/patanir/home/users/palk/Projects/0006-phase-condensation-of-repeats-in-neurons/analysis/00-manuscript/41-magen-et-al-miRNA-seq/fastq/SRR14631783.fastq.gz
GSM5333343,/nemo/lab/patanir/home/users/palk/Projects/0006-phase-condensation-of-repeats-in-neurons/analysis/00-manuscript/41-magen-et-al-miRNA-seq/fastq/SRR14631784.fastq.gz
GSM5333344,/nemo/lab/patanir/home/users/palk/Projects/0006-phase-condensation-of-repeats-in-neurons/analysis/00-manuscript/41-magen-et-al-miRNA-seq/fastq/SRR14631785.fastq.gz
GSM5333346,/nemo/lab/patanir/home/users/palk/Projects/0006-phase-condensation-of-repeats-in-neurons/analysis/00-manuscript/41-magen-et-al-miRNA-seq/fastq/SRR14631787.fastq.gz
GSM5333347,/nemo/lab/patanir/home/users/palk/Projects/0006-phase-condensation-of-repeats-in-neurons/analysis/00-manuscript/41-magen-et-al-miRNA-seq/fastq/SRR14631788.fastq.gz
GSM5333348,/nemo/lab/patanir/home/users/palk/Projects/0006-phase-condensation-of-repeats-in-neurons/analysis/00-manuscript/41-magen-et-al-miRNA-seq/fastq/SRR14631789.fastq.gz
GSM5333349,/nemo/lab/patanir/home/users/palk/Projects/0006-phase-condensation-of-repeats-in-neurons/analysis/00-manuscript/41-magen-et-al-miRNA-seq/fastq/SRR14631790.fastq.gz
GSM5333350,/nemo/lab/patanir/home/users/palk/Projects/0006-phase-condensation-of-repeats-in-neurons/analysis/00-manuscript/41-magen-et-al-miRNA-seq/fastq/SRR14631791.fastq.gz
GSM5333351,/nemo/lab/patanir/home/users/palk/Projects/0006-phase-condensation-of-repeats-in-neurons/analysis/00-manuscript/41-magen-et-al-miRNA-seq/fastq/SRR14631792.fastq.gz
GSM5333352,/nemo/lab/patanir/home/users/palk/Projects/0006-phase-condensation-of-repeats-in-neurons/analysis/00-manuscript/41-magen-et-al-miRNA-seq/fastq/SRR14631793.fastq.gz
GSM5333353,/nemo/lab/patanir/home/users/palk/Projects/0006-phase-condensation-of-repeats-in-neurons/analysis/00-manuscript/41-magen-et-al-miRNA-seq/fastq/SRR14631794.fastq.gz
GSM5333357,/nemo/lab/patanir/home/users/palk/Projects/0006-phase-condensation-of-repeats-in-neurons/analysis/00-manuscript/41-magen-et-al-miRNA-seq/fastq/SRR14631798.fastq.gz
GSM5333358,/nemo/lab/patanir/home/users/palk/Projects/0006-phase-condensation-of-repeats-in-neurons/analysis/00-manuscript/41-magen-et-al-miRNA-seq/fastq/SRR14631799.fastq.gz
GSM5333362,/nemo/lab/patanir/home/users/palk/Projects/0006-phase-condensation-of-repeats-in-neurons/analysis/00-manuscript/41-magen-et-al-miRNA-seq/fastq/SRR14631803.fastq.gz
GSM5333363,/nemo/lab/patanir/home/users/palk/Projects/0006-phase-condensation-of-repeats-in-neurons/analysis/00-manuscript/41-magen-et-al-miRNA-seq/fastq/SRR14631804.fastq.gz
GSM5333364,/nemo/lab/patanir/home/users/palk/Projects/0006-phase-condensation-of-repeats-in-neurons/analysis/00-manuscript/41-magen-et-al-miRNA-seq/fastq/SRR14631805.fastq.gz
GSM5333366,/nemo/lab/patanir/home/users/palk/Projects/0006-phase-condensation-of-repeats-in-neurons/analysis/00-manuscript/41-magen-et-al-miRNA-seq/fastq/SRR14631807.fastq.gz
GSM5333367,/nemo/lab/patanir/home/users/palk/Projects/0006-phase-condensation-of-repeats-in-neurons/analysis/00-manuscript/41-magen-et-al-miRNA-seq/fastq/SRR14631808.fastq.gz
GSM5333368,/nemo/lab/patanir/home/users/palk/Projects/0006-phase-condensation-of-repeats-in-neurons/analysis/00-manuscript/41-magen-et-al-miRNA-seq/fastq/SRR14631809.fastq.gz
GSM5333369,/nemo/lab/patanir/home/users/palk/Projects/0006-phase-condensation-of-repeats-in-neurons/analysis/00-manuscript/41-magen-et-al-miRNA-seq/fastq/SRR14631810.fastq.gz
GSM5333370,/nemo/lab/patanir/home/users/palk/Projects/0006-phase-condensation-of-repeats-in-neurons/analysis/00-manuscript/41-magen-et-al-miRNA-seq/fastq/SRR14631811.fastq.gz
GSM5333372,/nemo/lab/patanir/home/users/palk/Projects/0006-phase-condensation-of-repeats-in-neurons/analysis/00-manuscript/41-magen-et-al-miRNA-seq/fastq/SRR14631813.fastq.gz
GSM5333374,/nemo/lab/patanir/home/users/palk/Projects/0006-phase-condensation-of-repeats-in-neurons/analysis/00-manuscript/41-magen-et-al-miRNA-seq/fastq/SRR14631815.fastq.gz
GSM5333375,/nemo/lab/patanir/home/users/palk/Projects/0006-phase-condensation-of-repeats-in-neurons/analysis/00-manuscript/41-magen-et-al-miRNA-seq/fastq/SRR14631816.fastq.gz
GSM5333376,/nemo/lab/patanir/home/users/palk/Projects/0006-phase-condensation-of-repeats-in-neurons/analysis/00-manuscript/41-magen-et-al-miRNA-seq/fastq/SRR14631817.fastq.gz
GSM5333378,/nemo/lab/patanir/home/users/palk/Projects/0006-phase-condensation-of-repeats-in-neurons/analysis/00-manuscript/41-magen-et-al-miRNA-seq/fastq/SRR14631819.fastq.gz
GSM5333379,/nemo/lab/patanir/home/users/palk/Projects/0006-phase-condensation-of-repeats-in-neurons/analysis/00-manuscript/41-magen-et-al-miRNA-seq/fastq/SRR14631820.fastq.gz
GSM5333380,/nemo/lab/patanir/home/users/palk/Projects/0006-phase-condensation-of-repeats-in-neurons/analysis/00-manuscript/41-magen-et-al-miRNA-seq/fastq/SRR14631821.fastq.gz
GSM5333381,/nemo/lab/patanir/home/users/palk/Projects/0006-phase-condensation-of-repeats-in-neurons/analysis/00-manuscript/41-magen-et-al-miRNA-seq/fastq/SRR14631822.fastq.gz
GSM5333382,/nemo/lab/patanir/home/users/palk/Projects/0006-phase-condensation-of-repeats-in-neurons/analysis/00-manuscript/41-magen-et-al-miRNA-seq/fastq/SRR14631823.fastq.gz
GSM5333383,/nemo/lab/patanir/home/users/palk/Projects/0006-phase-condensation-of-repeats-in-neurons/analysis/00-manuscript/41-magen-et-al-miRNA-seq/fastq/SRR14631824.fastq.gz
GSM5333286,/nemo/lab/patanir/home/users/palk/Projects/0006-phase-condensation-of-repeats-in-neurons/analysis/00-manuscript/41-magen-et-al-miRNA-seq/fastq/SRR14631727.fastq.gz
GSM5333294,/nemo/lab/patanir/home/users/palk/Projects/0006-phase-condensation-of-repeats-in-neurons/analysis/00-manuscript/41-magen-et-al-miRNA-seq/fastq/SRR14631735.fastq.gz
GSM5333295,/nemo/lab/patanir/home/users/palk/Projects/0006-phase-condensation-of-repeats-in-neurons/analysis/00-manuscript/41-magen-et-al-miRNA-seq/fastq/SRR14631736.fastq.gz
GSM5333296,/nemo/lab/patanir/home/users/palk/Projects/0006-phase-condensation-of-repeats-in-neurons/analysis/00-manuscript/41-magen-et-al-miRNA-seq/fastq/SRR14631737.fastq.gz
GSM5333298,/nemo/lab/patanir/home/users/palk/Projects/0006-phase-condensation-of-repeats-in-neurons/analysis/00-manuscript/41-magen-et-al-miRNA-seq/fastq/SRR14631739.fastq.gz
GSM5333303,/nemo/lab/patanir/home/users/palk/Projects/0006-phase-condensation-of-repeats-in-neurons/analysis/00-manuscript/41-magen-et-al-miRNA-seq/fastq/SRR14631744.fastq.gz
GSM5333304,/nemo/lab/patanir/home/users/palk/Projects/0006-phase-condensation-of-repeats-in-neurons/analysis/00-manuscript/41-magen-et-al-miRNA-seq/fastq/SRR14631745.fastq.gz
GSM5333310,/nemo/lab/patanir/home/users/palk/Projects/0006-phase-condensation-of-repeats-in-neurons/analysis/00-manuscript/41-magen-et-al-miRNA-seq/fastq/SRR14631751.fastq.gz
GSM5333311,/nemo/lab/patanir/home/users/palk/Projects/0006-phase-condensation-of-repeats-in-neurons/analysis/00-manuscript/41-magen-et-al-miRNA-seq/fastq/SRR14631752.fastq.gz
GSM5333314,/nemo/lab/patanir/home/users/palk/Projects/0006-phase-condensation-of-repeats-in-neurons/analysis/00-manuscript/41-magen-et-al-miRNA-seq/fastq/SRR14631755.fastq.gz
GSM5333315,/nemo/lab/patanir/home/users/palk/Projects/0006-phase-condensation-of-repeats-in-neurons/analysis/00-manuscript/41-magen-et-al-miRNA-seq/fastq/SRR14631756.fastq.gz
GSM5333318,/nemo/lab/patanir/home/users/palk/Projects/0006-phase-condensation-of-repeats-in-neurons/analysis/00-manuscript/41-magen-et-al-miRNA-seq/fastq/SRR14631759.fastq.gz
GSM5333321,/nemo/lab/patanir/home/users/palk/Projects/0006-phase-condensation-of-repeats-in-neurons/analysis/00-manuscript/41-magen-et-al-miRNA-seq/fastq/SRR14631762.fastq.gz
GSM5333322,/nemo/lab/patanir/home/users/palk/Projects/0006-phase-condensation-of-repeats-in-neurons/analysis/00-manuscript/41-magen-et-al-miRNA-seq/fastq/SRR14631763.fastq.gz
GSM5333326,/nemo/lab/patanir/home/users/palk/Projects/0006-phase-condensation-of-repeats-in-neurons/analysis/00-manuscript/41-magen-et-al-miRNA-seq/fastq/SRR14631767.fastq.gz
GSM5333327,/nemo/lab/patanir/home/users/palk/Projects/0006-phase-condensation-of-repeats-in-neurons/analysis/00-manuscript/41-magen-et-al-miRNA-seq/fastq/SRR14631768.fastq.gz
GSM5333332,/nemo/lab/patanir/home/users/palk/Projects/0006-phase-condensation-of-repeats-in-neurons/analysis/00-manuscript/41-magen-et-al-miRNA-seq/fastq/SRR14631773.fastq.gz
GSM5333335,/nemo/lab/patanir/home/users/palk/Projects/0006-phase-condensation-of-repeats-in-neurons/analysis/00-manuscript/41-magen-et-al-miRNA-seq/fastq/SRR14631776.fastq.gz
GSM5333338,/nemo/lab/patanir/home/users/palk/Projects/0006-phase-condensation-of-repeats-in-neurons/analysis/00-manuscript/41-magen-et-al-miRNA-seq/fastq/SRR14631779.fastq.gz
GSM5333339,/nemo/lab/patanir/home/users/palk/Projects/0006-phase-condensation-of-repeats-in-neurons/analysis/00-manuscript/41-magen-et-al-miRNA-seq/fastq/SRR14631780.fastq.gz
GSM5333340,/nemo/lab/patanir/home/users/palk/Projects/0006-phase-condensation-of-repeats-in-neurons/analysis/00-manuscript/41-magen-et-al-miRNA-seq/fastq/SRR14631781.fastq.gz
GSM5333341,/nemo/lab/patanir/home/users/palk/Projects/0006-phase-condensation-of-repeats-in-neurons/analysis/00-manuscript/41-magen-et-al-miRNA-seq/fastq/SRR14631782.fastq.gz
GSM5333345,/nemo/lab/patanir/home/users/palk/Projects/0006-phase-condensation-of-repeats-in-neurons/analysis/00-manuscript/41-magen-et-al-miRNA-seq/fastq/SRR14631786.fastq.gz
GSM5333354,/nemo/lab/patanir/home/users/palk/Projects/0006-phase-condensation-of-repeats-in-neurons/analysis/00-manuscript/41-magen-et-al-miRNA-seq/fastq/SRR14631795.fastq.gz
GSM5333355,/nemo/lab/patanir/home/users/palk/Projects/0006-phase-condensation-of-repeats-in-neurons/analysis/00-manuscript/41-magen-et-al-miRNA-seq/fastq/SRR14631796.fastq.gz
GSM5333356,/nemo/lab/patanir/home/users/palk/Projects/0006-phase-condensation-of-repeats-in-neurons/analysis/00-manuscript/41-magen-et-al-miRNA-seq/fastq/SRR14631797.fastq.gz
GSM5333359,/nemo/lab/patanir/home/users/palk/Projects/0006-phase-condensation-of-repeats-in-neurons/analysis/00-manuscript/41-magen-et-al-miRNA-seq/fastq/SRR14631800.fastq.gz
GSM5333360,/nemo/lab/patanir/home/users/palk/Projects/0006-phase-condensation-of-repeats-in-neurons/analysis/00-manuscript/41-magen-et-al-miRNA-seq/fastq/SRR14631801.fastq.gz
GSM5333361,/nemo/lab/patanir/home/users/palk/Projects/0006-phase-condensation-of-repeats-in-neurons/analysis/00-manuscript/41-magen-et-al-miRNA-seq/fastq/SRR14631802.fastq.gz
GSM5333365,/nemo/lab/patanir/home/users/palk/Projects/0006-phase-condensation-of-repeats-in-neurons/analysis/00-manuscript/41-magen-et-al-miRNA-seq/fastq/SRR14631806.fastq.gz
GSM5333371,/nemo/lab/patanir/home/users/palk/Projects/0006-phase-condensation-of-repeats-in-neurons/analysis/00-manuscript/41-magen-et-al-miRNA-seq/fastq/SRR14631812.fastq.gz
GSM5333373,/nemo/lab/patanir/home/users/palk/Projects/0006-phase-condensation-of-repeats-in-neurons/analysis/00-manuscript/41-magen-et-al-miRNA-seq/fastq/SRR14631814.fastq.gz
GSM5333377,/nemo/lab/patanir/home/users/palk/Projects/0006-phase-condensation-of-repeats-in-neurons/analysis/00-manuscript/41-magen-et-al-miRNA-seq/fastq/SRR14631818.fastq.gz
GSM5159516,/nemo/lab/patanir/home/users/palk/Projects/0006-phase-condensation-of-repeats-in-neurons/analysis/00-manuscript/41-magen-et-al-miRNA-seq/fastq/SRR13934201.fastq.gz
GSM5159517,/nemo/lab/patanir/home/users/palk/Projects/0006-phase-condensation-of-repeats-in-neurons/analysis/00-manuscript/41-magen-et-al-miRNA-seq/fastq/SRR13934202.fastq.gz
GSM5159518,/nemo/lab/patanir/home/users/palk/Projects/0006-phase-condensation-of-repeats-in-neurons/analysis/00-manuscript/41-magen-et-al-miRNA-seq/fastq/SRR13934203.fastq.gz
GSM5159519,/nemo/lab/patanir/home/users/palk/Projects/0006-phase-condensation-of-repeats-in-neurons/analysis/00-manuscript/41-magen-et-al-miRNA-seq/fastq/SRR13934204.fastq.gz
GSM5159520,/nemo/lab/patanir/home/users/palk/Projects/0006-phase-condensation-of-repeats-in-neurons/analysis/00-manuscript/41-magen-et-al-miRNA-seq/fastq/SRR13934205.fastq.gz
GSM5159521,/nemo/lab/patanir/home/users/palk/Projects/0006-phase-condensation-of-repeats-in-neurons/analysis/00-manuscript/41-magen-et-al-miRNA-seq/fastq/SRR13934206.fastq.gz
GSM5159522,/nemo/lab/patanir/home/users/palk/Projects/0006-phase-condensation-of-repeats-in-neurons/analysis/00-manuscript/41-magen-et-al-miRNA-seq/fastq/SRR13934207.fastq.gz
GSM5159523,/nemo/lab/patanir/home/users/palk/Projects/0006-phase-condensation-of-repeats-in-neurons/analysis/00-manuscript/41-magen-et-al-miRNA-seq/fastq/SRR13934208.fastq.gz
GSM5159524,/nemo/lab/patanir/home/users/palk/Projects/0006-phase-condensation-of-repeats-in-neurons/analysis/00-manuscript/41-magen-et-al-miRNA-seq/fastq/SRR13934209.fastq.gz
GSM5159525,/nemo/lab/patanir/home/users/palk/Projects/0006-phase-condensation-of-repeats-in-neurons/analysis/00-manuscript/41-magen-et-al-miRNA-seq/fastq/SRR13934210.fastq.gz
GSM5159526,/nemo/lab/patanir/home/users/palk/Projects/0006-phase-condensation-of-repeats-in-neurons/analysis/00-manuscript/41-magen-et-al-miRNA-seq/fastq/SRR13934211.fastq.gz
GSM5159527,/nemo/lab/patanir/home/users/palk/Projects/0006-phase-condensation-of-repeats-in-neurons/analysis/00-manuscript/41-magen-et-al-miRNA-seq/fastq/SRR13934212.fastq.gz
GSM5159528,/nemo/lab/patanir/home/users/palk/Projects/0006-phase-condensation-of-repeats-in-neurons/analysis/00-manuscript/41-magen-et-al-miRNA-seq/fastq/SRR13934213.fastq.gz
GSM5159529,/nemo/lab/patanir/home/users/palk/Projects/0006-phase-condensation-of-repeats-in-neurons/analysis/00-manuscript/41-magen-et-al-miRNA-seq/fastq/SRR13934214.fastq.gz
GSM5159530,/nemo/lab/patanir/home/users/palk/Projects/0006-phase-condensation-of-repeats-in-neurons/analysis/00-manuscript/41-magen-et-al-miRNA-seq/fastq/SRR13934215.fastq.gz
GSM5159531,/nemo/lab/patanir/home/users/palk/Projects/0006-phase-condensation-of-repeats-in-neurons/analysis/00-manuscript/41-magen-et-al-miRNA-seq/fastq/SRR13934216.fastq.gz
GSM5159532,/nemo/lab/patanir/home/users/palk/Projects/0006-phase-condensation-of-repeats-in-neurons/analysis/00-manuscript/41-magen-et-al-miRNA-seq/fastq/SRR13934217.fastq.gz
GSM5159533,/nemo/lab/patanir/home/users/palk/Projects/0006-phase-condensation-of-repeats-in-neurons/analysis/00-manuscript/41-magen-et-al-miRNA-seq/fastq/SRR13934218.fastq.gz
GSM5159534,/nemo/lab/patanir/home/users/palk/Projects/0006-phase-condensation-of-repeats-in-neurons/analysis/00-manuscript/41-magen-et-al-miRNA-seq/fastq/SRR13934219.fastq.gz
GSM5159535,/nemo/lab/patanir/home/users/palk/Projects/0006-phase-condensation-of-repeats-in-neurons/analysis/00-manuscript/41-magen-et-al-miRNA-seq/fastq/SRR13934220.fastq.gz
GSM5159536,/nemo/lab/patanir/home/users/palk/Projects/0006-phase-condensation-of-repeats-in-neurons/analysis/00-manuscript/41-magen-et-al-miRNA-seq/fastq/SRR13934221.fastq.gz
GSM5159537,/nemo/lab/patanir/home/users/palk/Projects/0006-phase-condensation-of-repeats-in-neurons/analysis/00-manuscript/41-magen-et-al-miRNA-seq/fastq/SRR13934222.fastq.gz
GSM5159538,/nemo/lab/patanir/home/users/palk/Projects/0006-phase-condensation-of-repeats-in-neurons/analysis/00-manuscript/41-magen-et-al-miRNA-seq/fastq/SRR13934223.fastq.gz
GSM5159539,/nemo/lab/patanir/home/users/palk/Projects/0006-phase-condensation-of-repeats-in-neurons/analysis/00-manuscript/41-magen-et-al-miRNA-seq/fastq/SRR13934224.fastq.gz
GSM5159540,/nemo/lab/patanir/home/users/palk/Projects/0006-phase-condensation-of-repeats-in-neurons/analysis/00-manuscript/41-magen-et-al-miRNA-seq/fastq/SRR13934225.fastq.gz
GSM5159541,/nemo/lab/patanir/home/users/palk/Projects/0006-phase-condensation-of-repeats-in-neurons/analysis/00-manuscript/41-magen-et-al-miRNA-seq/fastq/SRR13934226.fastq.gz
GSM5159542,/nemo/lab/patanir/home/users/palk/Projects/0006-phase-condensation-of-repeats-in-neurons/analysis/00-manuscript/41-magen-et-al-miRNA-seq/fastq/SRR13934227.fastq.gz
GSM5159543,/nemo/lab/patanir/home/users/palk/Projects/0006-phase-condensation-of-repeats-in-neurons/analysis/00-manuscript/41-magen-et-al-miRNA-seq/fastq/SRR13934228.fastq.gz
GSM5159544,/nemo/lab/patanir/home/users/palk/Projects/0006-phase-condensation-of-repeats-in-neurons/analysis/00-manuscript/41-magen-et-al-miRNA-seq/fastq/SRR13934229.fastq.gz
GSM5159545,/nemo/lab/patanir/home/users/palk/Projects/0006-phase-condensation-of-repeats-in-neurons/analysis/00-manuscript/41-magen-et-al-miRNA-seq/fastq/SRR13934230.fastq.gz
GSM5159546,/nemo/lab/patanir/home/users/palk/Projects/0006-phase-condensation-of-repeats-in-neurons/analysis/00-manuscript/41-magen-et-al-miRNA-seq/fastq/SRR13934231.fastq.gz
GSM5159547,/nemo/lab/patanir/home/users/palk/Projects/0006-phase-condensation-of-repeats-in-neurons/analysis/00-manuscript/41-magen-et-al-miRNA-seq/fastq/SRR13934232.fastq.gz
GSM5159548,/nemo/lab/patanir/home/users/palk/Projects/0006-phase-condensation-of-repeats-in-neurons/analysis/00-manuscript/41-magen-et-al-miRNA-seq/fastq/SRR13934233.fastq.gz
GSM5159549,/nemo/lab/patanir/home/users/palk/Projects/0006-phase-condensation-of-repeats-in-neurons/analysis/00-manuscript/41-magen-et-al-miRNA-seq/fastq/SRR13934234.fastq.gz
GSM5159550,/nemo/lab/patanir/home/users/palk/Projects/0006-phase-condensation-of-repeats-in-neurons/analysis/00-manuscript/41-magen-et-al-miRNA-seq/fastq/SRR13934235.fastq.gz
GSM5159551,/nemo/lab/patanir/home/users/palk/Projects/0006-phase-condensation-of-repeats-in-neurons/analysis/00-manuscript/41-magen-et-al-miRNA-seq/fastq/SRR13934236.fastq.gz
GSM5159552,/nemo/lab/patanir/home/users/palk/Projects/0006-phase-condensation-of-repeats-in-neurons/analysis/00-manuscript/41-magen-et-al-miRNA-seq/fastq/SRR13934237.fastq.gz
GSM5159553,/nemo/lab/patanir/home/users/palk/Projects/0006-phase-condensation-of-repeats-in-neurons/analysis/00-manuscript/41-magen-et-al-miRNA-seq/fastq/SRR13934238.fastq.gz
GSM5159554,/nemo/lab/patanir/home/users/palk/Projects/0006-phase-condensation-of-repeats-in-neurons/analysis/00-manuscript/41-magen-et-al-miRNA-seq/fastq/SRR13934239.fastq.gz
GSM5159555,/nemo/lab/patanir/home/users/palk/Projects/0006-phase-condensation-of-repeats-in-neurons/analysis/00-manuscript/41-magen-et-al-miRNA-seq/fastq/SRR13934240.fastq.gz
GSM5159556,/nemo/lab/patanir/home/users/palk/Projects/0006-phase-condensation-of-repeats-in-neurons/analysis/00-manuscript/41-magen-et-al-miRNA-seq/fastq/SRR13934241.fastq.gz
GSM5159557,/nemo/lab/patanir/home/users/palk/Projects/0006-phase-condensation-of-repeats-in-neurons/analysis/00-manuscript/41-magen-et-al-miRNA-seq/fastq/SRR13934242.fastq.gz
GSM5159558,/nemo/lab/patanir/home/users/palk/Projects/0006-phase-condensation-of-repeats-in-neurons/analysis/00-manuscript/41-magen-et-al-miRNA-seq/fastq/SRR13934243.fastq.gz
GSM5159559,/nemo/lab/patanir/home/users/palk/Projects/0006-phase-condensation-of-repeats-in-neurons/analysis/00-manuscript/41-magen-et-al-miRNA-seq/fastq/SRR13934244.fastq.gz
GSM5159560,/nemo/lab/patanir/home/users/palk/Projects/0006-phase-condensation-of-repeats-in-neurons/analysis/00-manuscript/41-magen-et-al-miRNA-seq/fastq/SRR13934245.fastq.gz
GSM5159561,/nemo/lab/patanir/home/users/palk/Projects/0006-phase-condensation-of-repeats-in-neurons/analysis/00-manuscript/41-magen-et-al-miRNA-seq/fastq/SRR13934246.fastq.gz
GSM5159562,/nemo/lab/patanir/home/users/palk/Projects/0006-phase-condensation-of-repeats-in-neurons/analysis/00-manuscript/41-magen-et-al-miRNA-seq/fastq/SRR13934247.fastq.gz
GSM5159563,/nemo/lab/patanir/home/users/palk/Projects/0006-phase-condensation-of-repeats-in-neurons/analysis/00-manuscript/41-magen-et-al-miRNA-seq/fastq/SRR13934248.fastq.gz
GSM5159564,/nemo/lab/patanir/home/users/palk/Projects/0006-phase-condensation-of-repeats-in-neurons/analysis/00-manuscript/41-magen-et-al-miRNA-seq/fastq/SRR13934249.fastq.gz
GSM5159565,/nemo/lab/patanir/home/users/palk/Projects/0006-phase-condensation-of-repeats-in-neurons/analysis/00-manuscript/41-magen-et-al-miRNA-seq/fastq/SRR13934250.fastq.gz
GSM5159566,/nemo/lab/patanir/home/users/palk/Projects/0006-phase-condensation-of-repeats-in-neurons/analysis/00-manuscript/41-magen-et-al-miRNA-seq/fastq/SRR13934251.fastq.gz
GSM5159567,/nemo/lab/patanir/home/users/palk/Projects/0006-phase-condensation-of-repeats-in-neurons/analysis/00-manuscript/41-magen-et-al-miRNA-seq/fastq/SRR13934252.fastq.gz
GSM5159568,/nemo/lab/patanir/home/users/palk/Projects/0006-phase-condensation-of-repeats-in-neurons/analysis/00-manuscript/41-magen-et-al-miRNA-seq/fastq/SRR13934253.fastq.gz
GSM5159569,/nemo/lab/patanir/home/users/palk/Projects/0006-phase-condensation-of-repeats-in-neurons/analysis/00-manuscript/41-magen-et-al-miRNA-seq/fastq/SRR13934254.fastq.gz
GSM5159570,/nemo/lab/patanir/home/users/palk/Projects/0006-phase-condensation-of-repeats-in-neurons/analysis/00-manuscript/41-magen-et-al-miRNA-seq/fastq/SRR13934255.fastq.gz
GSM5159571,/nemo/lab/patanir/home/users/palk/Projects/0006-phase-condensation-of-repeats-in-neurons/analysis/00-manuscript/41-magen-et-al-miRNA-seq/fastq/SRR13934256.fastq.gz
GSM5159572,/nemo/lab/patanir/home/users/palk/Projects/0006-phase-condensation-of-repeats-in-neurons/analysis/00-manuscript/41-magen-et-al-miRNA-seq/fastq/SRR13934257.fastq.gz
GSM5159573,/nemo/lab/patanir/home/users/palk/Projects/0006-phase-condensation-of-repeats-in-neurons/analysis/00-manuscript/41-magen-et-al-miRNA-seq/fastq/SRR13934258.fastq.gz
GSM5159574,/nemo/lab/patanir/home/users/palk/Projects/0006-phase-condensation-of-repeats-in-neurons/analysis/00-manuscript/41-magen-et-al-miRNA-seq/fastq/SRR13934259.fastq.gz
GSM5159575,/nemo/lab/patanir/home/users/palk/Projects/0006-phase-condensation-of-repeats-in-neurons/analysis/00-manuscript/41-magen-et-al-miRNA-seq/fastq/SRR13934260.fastq.gz
GSM5159576,/nemo/lab/patanir/home/users/palk/Projects/0006-phase-condensation-of-repeats-in-neurons/analysis/00-manuscript/41-magen-et-al-miRNA-seq/fastq/SRR13934261.fastq.gz
GSM5159577,/nemo/lab/patanir/home/users/palk/Projects/0006-phase-condensation-of-repeats-in-neurons/analysis/00-manuscript/41-magen-et-al-miRNA-seq/fastq/SRR13934262.fastq.gz
GSM5159578,/nemo/lab/patanir/home/users/palk/Projects/0006-phase-condensation-of-repeats-in-neurons/analysis/00-manuscript/41-magen-et-al-miRNA-seq/fastq/SRR13934263.fastq.gz
GSM5159579,/nemo/lab/patanir/home/users/palk/Projects/0006-phase-condensation-of-repeats-in-neurons/analysis/00-manuscript/41-magen-et-al-miRNA-seq/fastq/SRR13934264.fastq.gz
GSM5159580,/nemo/lab/patanir/home/users/palk/Projects/0006-phase-condensation-of-repeats-in-neurons/analysis/00-manuscript/41-magen-et-al-miRNA-seq/fastq/SRR13934265.fastq.gz
GSM5159581,/nemo/lab/patanir/home/users/palk/Projects/0006-phase-condensation-of-repeats-in-neurons/analysis/00-manuscript/41-magen-et-al-miRNA-seq/fastq/SRR13934266.fastq.gz
GSM5159582,/nemo/lab/patanir/home/users/palk/Projects/0006-phase-condensation-of-repeats-in-neurons/analysis/00-manuscript/41-magen-et-al-miRNA-seq/fastq/SRR13934267.fastq.gz
GSM5159583,/nemo/lab/patanir/home/users/palk/Projects/0006-phase-condensation-of-repeats-in-neurons/analysis/00-manuscript/41-magen-et-al-miRNA-seq/fastq/SRR13934268.fastq.gz
GSM5159584,/nemo/lab/patanir/home/users/palk/Projects/0006-phase-condensation-of-repeats-in-neurons/analysis/00-manuscript/41-magen-et-al-miRNA-seq/fastq/SRR13934269.fastq.gz
GSM5159585,/nemo/lab/patanir/home/users/palk/Projects/0006-phase-condensation-of-repeats-in-neurons/analysis/00-manuscript/41-magen-et-al-miRNA-seq/fastq/SRR13934270.fastq.gz
GSM5159586,/nemo/lab/patanir/home/users/palk/Projects/0006-phase-condensation-of-repeats-in-neurons/analysis/00-manuscript/41-magen-et-al-miRNA-seq/fastq/SRR13934271.fastq.gz
GSM5159587,/nemo/lab/patanir/home/users/palk/Projects/0006-phase-condensation-of-repeats-in-neurons/analysis/00-manuscript/41-magen-et-al-miRNA-seq/fastq/SRR13934272.fastq.gz
GSM5159588,/nemo/lab/patanir/home/users/palk/Projects/0006-phase-condensation-of-repeats-in-neurons/analysis/00-manuscript/41-magen-et-al-miRNA-seq/fastq/SRR13934273.fastq.gz
GSM5159589,/nemo/lab/patanir/home/users/palk/Projects/0006-phase-condensation-of-repeats-in-neurons/analysis/00-manuscript/41-magen-et-al-miRNA-seq/fastq/SRR13934274.fastq.gz
GSM5159590,/nemo/lab/patanir/home/users/palk/Projects/0006-phase-condensation-of-repeats-in-neurons/analysis/00-manuscript/41-magen-et-al-miRNA-seq/fastq/SRR13934275.fastq.gz
GSM5159591,/nemo/lab/patanir/home/users/palk/Projects/0006-phase-condensation-of-repeats-in-neurons/analysis/00-manuscript/41-magen-et-al-miRNA-seq/fastq/SRR13934276.fastq.gz
GSM5159592,/nemo/lab/patanir/home/users/palk/Projects/0006-phase-condensation-of-repeats-in-neurons/analysis/00-manuscript/41-magen-et-al-miRNA-seq/fastq/SRR13934277.fastq.gz
GSM5159593,/nemo/lab/patanir/home/users/palk/Projects/0006-phase-condensation-of-repeats-in-neurons/analysis/00-manuscript/41-magen-et-al-miRNA-seq/fastq/SRR13934278.fastq.gz
GSM5159594,/nemo/lab/patanir/home/users/palk/Projects/0006-phase-condensation-of-repeats-in-neurons/analysis/00-manuscript/41-magen-et-al-miRNA-seq/fastq/SRR13934279.fastq.gz
GSM5159595,/nemo/lab/patanir/home/users/palk/Projects/0006-phase-condensation-of-repeats-in-neurons/analysis/00-manuscript/41-magen-et-al-miRNA-seq/fastq/SRR13934280.fastq.gz
GSM5159596,/nemo/lab/patanir/home/users/palk/Projects/0006-phase-condensation-of-repeats-in-neurons/analysis/00-manuscript/41-magen-et-al-miRNA-seq/fastq/SRR13934281.fastq.gz
GSM5159597,/nemo/lab/patanir/home/users/palk/Projects/0006-phase-condensation-of-repeats-in-neurons/analysis/00-manuscript/41-magen-et-al-miRNA-seq/fastq/SRR13934282.fastq.gz
GSM5159598,/nemo/lab/patanir/home/users/palk/Projects/0006-phase-condensation-of-repeats-in-neurons/analysis/00-manuscript/41-magen-et-al-miRNA-seq/fastq/SRR13934283.fastq.gz
GSM5159599,/nemo/lab/patanir/home/users/palk/Projects/0006-phase-condensation-of-repeats-in-neurons/analysis/00-manuscript/41-magen-et-al-miRNA-seq/fastq/SRR13934284.fastq.gz
GSM5159600,/nemo/lab/patanir/home/users/palk/Projects/0006-phase-condensation-of-repeats-in-neurons/analysis/00-manuscript/41-magen-et-al-miRNA-seq/fastq/SRR13934285.fastq.gz
GSM5159601,/nemo/lab/patanir/home/users/palk/Projects/0006-phase-condensation-of-repeats-in-neurons/analysis/00-manuscript/41-magen-et-al-miRNA-seq/fastq/SRR13934286.fastq.gz
GSM5159602,/nemo/lab/patanir/home/users/palk/Projects/0006-phase-condensation-of-repeats-in-neurons/analysis/00-manuscript/41-magen-et-al-miRNA-seq/fastq/SRR13934287.fastq.gz
GSM5159603,/nemo/lab/patanir/home/users/palk/Projects/0006-phase-condensation-of-repeats-in-neurons/analysis/00-manuscript/41-magen-et-al-miRNA-seq/fastq/SRR13934288.fastq.gz
GSM5159604,/nemo/lab/patanir/home/users/palk/Projects/0006-phase-condensation-of-repeats-in-neurons/analysis/00-manuscript/41-magen-et-al-miRNA-seq/fastq/SRR13934289.fastq.gz
GSM5159605,/nemo/lab/patanir/home/users/palk/Projects/0006-phase-condensation-of-repeats-in-neurons/analysis/00-manuscript/41-magen-et-al-miRNA-seq/fastq/SRR13934290.fastq.gz
GSM5159606,/nemo/lab/patanir/home/users/palk/Projects/0006-phase-condensation-of-repeats-in-neurons/analysis/00-manuscript/41-magen-et-al-miRNA-seq/fastq/SRR13934291.fastq.gz
GSM5159607,/nemo/lab/patanir/home/users/palk/Projects/0006-phase-condensation-of-repeats-in-neurons/analysis/00-manuscript/41-magen-et-al-miRNA-seq/fastq/SRR13934292.fastq.gz
GSM5159608,/nemo/lab/patanir/home/users/palk/Projects/0006-phase-condensation-of-repeats-in-neurons/analysis/00-manuscript/41-magen-et-al-miRNA-seq/fastq/SRR13934293.fastq.gz
GSM5159609,/nemo/lab/patanir/home/users/palk/Projects/0006-phase-condensation-of-repeats-in-neurons/analysis/00-manuscript/41-magen-et-al-miRNA-seq/fastq/SRR13934294.fastq.gz
GSM5159610,/nemo/lab/patanir/home/users/palk/Projects/0006-phase-condensation-of-repeats-in-neurons/analysis/00-manuscript/41-magen-et-al-miRNA-seq/fastq/SRR13934295.fastq.gz
GSM5159611,/nemo/lab/patanir/home/users/palk/Projects/0006-phase-condensation-of-repeats-in-neurons/analysis/00-manuscript/41-magen-et-al-miRNA-seq/fastq/SRR13934296.fastq.gz
GSM5159612,/nemo/lab/patanir/home/users/palk/Projects/0006-phase-condensation-of-repeats-in-neurons/analysis/00-manuscript/41-magen-et-al-miRNA-seq/fastq/SRR13934297.fastq.gz
GSM5159613,/nemo/lab/patanir/home/users/palk/Projects/0006-phase-condensation-of-repeats-in-neurons/analysis/00-manuscript/41-magen-et-al-miRNA-seq/fastq/SRR13934298.fastq.gz
GSM5159614,/nemo/lab/patanir/home/users/palk/Projects/0006-phase-condensation-of-repeats-in-neurons/analysis/00-manuscript/41-magen-et-al-miRNA-seq/fastq/SRR13934299.fastq.gz
GSM5159615,/nemo/lab/patanir/home/users/palk/Projects/0006-phase-condensation-of-repeats-in-neurons/analysis/00-manuscript/41-magen-et-al-miRNA-seq/fastq/SRR13934300.fastq.gz
GSM5159616,/nemo/lab/patanir/home/users/palk/Projects/0006-phase-condensation-of-repeats-in-neurons/analysis/00-manuscript/41-magen-et-al-miRNA-seq/fastq/SRR13934301.fastq.gz
GSM5159617,/nemo/lab/patanir/home/users/palk/Projects/0006-phase-condensation-of-repeats-in-neurons/analysis/00-manuscript/41-magen-et-al-miRNA-seq/fastq/SRR13934302.fastq.gz
GSM5159618,/nemo/lab/patanir/home/users/palk/Projects/0006-phase-condensation-of-repeats-in-neurons/analysis/00-manuscript/41-magen-et-al-miRNA-seq/fastq/SRR13934303.fastq.gz
GSM5159619,/nemo/lab/patanir/home/users/palk/Projects/0006-phase-condensation-of-repeats-in-neurons/analysis/00-manuscript/41-magen-et-al-miRNA-seq/fastq/SRR13934304.fastq.gz
GSM5159620,/nemo/lab/patanir/home/users/palk/Projects/0006-phase-condensation-of-repeats-in-neurons/analysis/00-manuscript/41-magen-et-al-miRNA-seq/fastq/SRR13934305.fastq.gz
GSM5159621,/nemo/lab/patanir/home/users/palk/Projects/0006-phase-condensation-of-repeats-in-neurons/analysis/00-manuscript/41-magen-et-al-miRNA-seq/fastq/SRR13934306.fastq.gz
GSM5159622,/nemo/lab/patanir/home/users/palk/Projects/0006-phase-condensation-of-repeats-in-neurons/analysis/00-manuscript/41-magen-et-al-miRNA-seq/fastq/SRR13934307.fastq.gz
GSM5159623,/nemo/lab/patanir/home/users/palk/Projects/0006-phase-condensation-of-repeats-in-neurons/analysis/00-manuscript/41-magen-et-al-miRNA-seq/fastq/SRR13934308.fastq.gz
GSM5159624,/nemo/lab/patanir/home/users/palk/Projects/0006-phase-condensation-of-repeats-in-neurons/analysis/00-manuscript/41-magen-et-al-miRNA-seq/fastq/SRR13934309.fastq.gz
GSM5159625,/nemo/lab/patanir/home/users/palk/Projects/0006-phase-condensation-of-repeats-in-neurons/analysis/00-manuscript/41-magen-et-al-miRNA-seq/fastq/SRR13934310.fastq.gz
GSM5159626,/nemo/lab/patanir/home/users/palk/Projects/0006-phase-condensation-of-repeats-in-neurons/analysis/00-manuscript/41-magen-et-al-miRNA-seq/fastq/SRR13934311.fastq.gz
GSM5159627,/nemo/lab/patanir/home/users/palk/Projects/0006-phase-condensation-of-repeats-in-neurons/analysis/00-manuscript/41-magen-et-al-miRNA-seq/fastq/SRR13934312.fastq.gz
GSM5159628,/nemo/lab/patanir/home/users/palk/Projects/0006-phase-condensation-of-repeats-in-neurons/analysis/00-manuscript/41-magen-et-al-miRNA-seq/fastq/SRR13934313.fastq.gz
GSM5159629,/nemo/lab/patanir/home/users/palk/Projects/0006-phase-condensation-of-repeats-in-neurons/analysis/00-manuscript/41-magen-et-al-miRNA-seq/fastq/SRR13934314.fastq.gz
GSM5159630,/nemo/lab/patanir/home/users/palk/Projects/0006-phase-condensation-of-repeats-in-neurons/analysis/00-manuscript/41-magen-et-al-miRNA-seq/fastq/SRR13934315.fastq.gz
GSM5159631,/nemo/lab/patanir/home/users/palk/Projects/0006-phase-condensation-of-repeats-in-neurons/analysis/00-manuscript/41-magen-et-al-miRNA-seq/fastq/SRR13934316.fastq.gz
GSM5159632,/nemo/lab/patanir/home/users/palk/Projects/0006-phase-condensation-of-repeats-in-neurons/analysis/00-manuscript/41-magen-et-al-miRNA-seq/fastq/SRR13934317.fastq.gz
GSM5159633,/nemo/lab/patanir/home/users/palk/Projects/0006-phase-condensation-of-repeats-in-neurons/analysis/00-manuscript/41-magen-et-al-miRNA-seq/fastq/SRR13934318.fastq.gz
GSM5159634,/nemo/lab/patanir/home/users/palk/Projects/0006-phase-condensation-of-repeats-in-neurons/analysis/00-manuscript/41-magen-et-al-miRNA-seq/fastq/SRR13934319.fastq.gz
GSM5159635,/nemo/lab/patanir/home/users/palk/Projects/0006-phase-condensation-of-repeats-in-neurons/analysis/00-manuscript/41-magen-et-al-miRNA-seq/fastq/SRR13934320.fastq.gz
GSM5159636,/nemo/lab/patanir/home/users/palk/Projects/0006-phase-condensation-of-repeats-in-neurons/analysis/00-manuscript/41-magen-et-al-miRNA-seq/fastq/SRR13934321.fastq.gz
GSM5159637,/nemo/lab/patanir/home/users/palk/Projects/0006-phase-condensation-of-repeats-in-neurons/analysis/00-manuscript/41-magen-et-al-miRNA-seq/fastq/SRR13934322.fastq.gz
GSM5159638,/nemo/lab/patanir/home/users/palk/Projects/0006-phase-condensation-of-repeats-in-neurons/analysis/00-manuscript/41-magen-et-al-miRNA-seq/fastq/SRR13934323.fastq.gz
GSM5159639,/nemo/lab/patanir/home/users/palk/Projects/0006-phase-condensation-of-repeats-in-neurons/analysis/00-manuscript/41-magen-et-al-miRNA-seq/fastq/SRR13934324.fastq.gz
GSM5159640,/nemo/lab/patanir/home/users/palk/Projects/0006-phase-condensation-of-repeats-in-neurons/analysis/00-manuscript/41-magen-et-al-miRNA-seq/fastq/SRR13934325.fastq.gz
GSM5159641,/nemo/lab/patanir/home/users/palk/Projects/0006-phase-condensation-of-repeats-in-neurons/analysis/00-manuscript/41-magen-et-al-miRNA-seq/fastq/SRR13934326.fastq.gz
GSM5159642,/nemo/lab/patanir/home/users/palk/Projects/0006-phase-condensation-of-repeats-in-neurons/analysis/00-manuscript/41-magen-et-al-miRNA-seq/fastq/SRR13934327.fastq.gz
GSM5159643,/nemo/lab/patanir/home/users/palk/Projects/0006-phase-condensation-of-repeats-in-neurons/analysis/00-manuscript/41-magen-et-al-miRNA-seq/fastq/SRR13934328.fastq.gz
GSM5159644,/nemo/lab/patanir/home/users/palk/Projects/0006-phase-condensation-of-repeats-in-neurons/analysis/00-manuscript/41-magen-et-al-miRNA-seq/fastq/SRR13934329.fastq.gz
GSM5159645,/nemo/lab/patanir/home/users/palk/Projects/0006-phase-condensation-of-repeats-in-neurons/analysis/00-manuscript/41-magen-et-al-miRNA-seq/fastq/SRR13934330.fastq.gz
GSM5159646,/nemo/lab/patanir/home/users/palk/Projects/0006-phase-condensation-of-repeats-in-neurons/analysis/00-manuscript/41-magen-et-al-miRNA-seq/fastq/SRR13934331.fastq.gz
GSM5159647,/nemo/lab/patanir/home/users/palk/Projects/0006-phase-condensation-of-repeats-in-neurons/analysis/00-manuscript/41-magen-et-al-miRNA-seq/fastq/SRR13934332.fastq.gz
GSM5159648,/nemo/lab/patanir/home/users/palk/Projects/0006-phase-condensation-of-repeats-in-neurons/analysis/00-manuscript/41-magen-et-al-miRNA-seq/fastq/SRR13934333.fastq.gz
GSM5159649,/nemo/lab/patanir/home/users/palk/Projects/0006-phase-condensation-of-repeats-in-neurons/analysis/00-manuscript/41-magen-et-al-miRNA-seq/fastq/SRR13934334.fastq.gz
GSM5159650,/nemo/lab/patanir/home/users/palk/Projects/0006-phase-condensation-of-repeats-in-neurons/analysis/00-manuscript/41-magen-et-al-miRNA-seq/fastq/SRR13934335.fastq.gz
GSM5159651,/nemo/lab/patanir/home/users/palk/Projects/0006-phase-condensation-of-repeats-in-neurons/analysis/00-manuscript/41-magen-et-al-miRNA-seq/fastq/SRR13934336.fastq.gz
GSM5159652,/nemo/lab/patanir/home/users/palk/Projects/0006-phase-condensation-of-repeats-in-neurons/analysis/00-manuscript/41-magen-et-al-miRNA-seq/fastq/SRR13934337.fastq.gz
GSM5159653,/nemo/lab/patanir/home/users/palk/Projects/0006-phase-condensation-of-repeats-in-neurons/analysis/00-manuscript/41-magen-et-al-miRNA-seq/fastq/SRR13934338.fastq.gz
GSM5159654,/nemo/lab/patanir/home/users/palk/Projects/0006-phase-condensation-of-repeats-in-neurons/analysis/00-manuscript/41-magen-et-al-miRNA-seq/fastq/SRR13934339.fastq.gz
GSM5159655,/nemo/lab/patanir/home/users/palk/Projects/0006-phase-condensation-of-repeats-in-neurons/analysis/00-manuscript/41-magen-et-al-miRNA-seq/fastq/SRR13934340.fastq.gz
GSM5159656,/nemo/lab/patanir/home/users/palk/Projects/0006-phase-condensation-of-repeats-in-neurons/analysis/00-manuscript/41-magen-et-al-miRNA-seq/fastq/SRR13934341.fastq.gz
GSM5159657,/nemo/lab/patanir/home/users/palk/Projects/0006-phase-condensation-of-repeats-in-neurons/analysis/00-manuscript/41-magen-et-al-miRNA-seq/fastq/SRR13934342.fastq.gz
GSM5159658,/nemo/lab/patanir/home/users/palk/Projects/0006-phase-condensation-of-repeats-in-neurons/analysis/00-manuscript/41-magen-et-al-miRNA-seq/fastq/SRR13934343.fastq.gz
GSM5159659,/nemo/lab/patanir/home/users/palk/Projects/0006-phase-condensation-of-repeats-in-neurons/analysis/00-manuscript/41-magen-et-al-miRNA-seq/fastq/SRR13934344.fastq.gz
GSM5159660,/nemo/lab/patanir/home/users/palk/Projects/0006-phase-condensation-of-repeats-in-neurons/analysis/00-manuscript/41-magen-et-al-miRNA-seq/fastq/SRR13934345.fastq.gz
GSM5159661,/nemo/lab/patanir/home/users/palk/Projects/0006-phase-condensation-of-repeats-in-neurons/analysis/00-manuscript/41-magen-et-al-miRNA-seq/fastq/SRR13934346.fastq.gz
GSM5159662,/nemo/lab/patanir/home/users/palk/Projects/0006-phase-condensation-of-repeats-in-neurons/analysis/00-manuscript/41-magen-et-al-miRNA-seq/fastq/SRR13934347.fastq.gz
GSM5159663,/nemo/lab/patanir/home/users/palk/Projects/0006-phase-condensation-of-repeats-in-neurons/analysis/00-manuscript/41-magen-et-al-miRNA-seq/fastq/SRR13934348.fastq.gz
GSM5159664,/nemo/lab/patanir/home/users/palk/Projects/0006-phase-condensation-of-repeats-in-neurons/analysis/00-manuscript/41-magen-et-al-miRNA-seq/fastq/SRR13934349.fastq.gz
GSM5159665,/nemo/lab/patanir/home/users/palk/Projects/0006-phase-condensation-of-repeats-in-neurons/analysis/00-manuscript/41-magen-et-al-miRNA-seq/fastq/SRR13934350.fastq.gz
GSM5159666,/nemo/lab/patanir/home/users/palk/Projects/0006-phase-condensation-of-repeats-in-neurons/analysis/00-manuscript/41-magen-et-al-miRNA-seq/fastq/SRR13934351.fastq.gz
GSM5159667,/nemo/lab/patanir/home/users/palk/Projects/0006-phase-condensation-of-repeats-in-neurons/analysis/00-manuscript/41-magen-et-al-miRNA-seq/fastq/SRR13934352.fastq.gz
GSM5159668,/nemo/lab/patanir/home/users/palk/Projects/0006-phase-condensation-of-repeats-in-neurons/analysis/00-manuscript/41-magen-et-al-miRNA-seq/fastq/SRR13934353.fastq.gz
GSM5159669,/nemo/lab/patanir/home/users/palk/Projects/0006-phase-condensation-of-repeats-in-neurons/analysis/00-manuscript/41-magen-et-al-miRNA-seq/fastq/SRR13934354.fastq.gz
GSM5159670,/nemo/lab/patanir/home/users/palk/Projects/0006-phase-condensation-of-repeats-in-neurons/analysis/00-manuscript/41-magen-et-al-miRNA-seq/fastq/SRR13934355.fastq.gz
GSM5159671,/nemo/lab/patanir/home/users/palk/Projects/0006-phase-condensation-of-repeats-in-neurons/analysis/00-manuscript/41-magen-et-al-miRNA-seq/fastq/SRR13934356.fastq.gz
GSM5159672,/nemo/lab/patanir/home/users/palk/Projects/0006-phase-condensation-of-repeats-in-neurons/analysis/00-manuscript/41-magen-et-al-miRNA-seq/fastq/SRR13934357.fastq.gz
GSM5159673,/nemo/lab/patanir/home/users/palk/Projects/0006-phase-condensation-of-repeats-in-neurons/analysis/00-manuscript/41-magen-et-al-miRNA-seq/fastq/SRR13934358.fastq.gz
GSM5159674,/nemo/lab/patanir/home/users/palk/Projects/0006-phase-condensation-of-repeats-in-neurons/analysis/00-manuscript/41-magen-et-al-miRNA-seq/fastq/SRR13934359.fastq.gz
GSM5159675,/nemo/lab/patanir/home/users/palk/Projects/0006-phase-condensation-of-repeats-in-neurons/analysis/00-manuscript/41-magen-et-al-miRNA-seq/fastq/SRR13934360.fastq.gz
GSM5159676,/nemo/lab/patanir/home/users/palk/Projects/0006-phase-condensation-of-repeats-in-neurons/analysis/00-manuscript/41-magen-et-al-miRNA-seq/fastq/SRR13934361.fastq.gz
GSM5159677,/nemo/lab/patanir/home/users/palk/Projects/0006-phase-condensation-of-repeats-in-neurons/analysis/00-manuscript/41-magen-et-al-miRNA-seq/fastq/SRR13934362.fastq.gz
GSM5159678,/nemo/lab/patanir/home/users/palk/Projects/0006-phase-condensation-of-repeats-in-neurons/analysis/00-manuscript/41-magen-et-al-miRNA-seq/fastq/SRR13934363.fastq.gz
GSM5159679,/nemo/lab/patanir/home/users/palk/Projects/0006-phase-condensation-of-repeats-in-neurons/analysis/00-manuscript/41-magen-et-al-miRNA-seq/fastq/SRR13934364.fastq.gz
GSM5159680,/nemo/lab/patanir/home/users/palk/Projects/0006-phase-condensation-of-repeats-in-neurons/analysis/00-manuscript/41-magen-et-al-miRNA-seq/fastq/SRR13934365.fastq.gz
GSM5159681,/nemo/lab/patanir/home/users/palk/Projects/0006-phase-condensation-of-repeats-in-neurons/analysis/00-manuscript/41-magen-et-al-miRNA-seq/fastq/SRR13934366.fastq.gz
GSM5159682,/nemo/lab/patanir/home/users/palk/Projects/0006-phase-condensation-of-repeats-in-neurons/analysis/00-manuscript/41-magen-et-al-miRNA-seq/fastq/SRR13934367.fastq.gz
GSM5159683,/nemo/lab/patanir/home/users/palk/Projects/0006-phase-condensation-of-repeats-in-neurons/analysis/00-manuscript/41-magen-et-al-miRNA-seq/fastq/SRR13934368.fastq.gz
GSM5159684,/nemo/lab/patanir/home/users/palk/Projects/0006-phase-condensation-of-repeats-in-neurons/analysis/00-manuscript/41-magen-et-al-miRNA-seq/fastq/SRR13934369.fastq.gz
GSM5159685,/nemo/lab/patanir/home/users/palk/Projects/0006-phase-condensation-of-repeats-in-neurons/analysis/00-manuscript/41-magen-et-al-miRNA-seq/fastq/SRR13934370.fastq.gz
GSM5159686,/nemo/lab/patanir/home/users/palk/Projects/0006-phase-condensation-of-repeats-in-neurons/analysis/00-manuscript/41-magen-et-al-miRNA-seq/fastq/SRR13934371.fastq.gz
GSM5159687,/nemo/lab/patanir/home/users/palk/Projects/0006-phase-condensation-of-repeats-in-neurons/analysis/00-manuscript/41-magen-et-al-miRNA-seq/fastq/SRR13934372.fastq.gz
GSM5159688,/nemo/lab/patanir/home/users/palk/Projects/0006-phase-condensation-of-repeats-in-neurons/analysis/00-manuscript/41-magen-et-al-miRNA-seq/fastq/SRR13934373.fastq.gz
GSM5159689,/nemo/lab/patanir/home/users/palk/Projects/0006-phase-condensation-of-repeats-in-neurons/analysis/00-manuscript/41-magen-et-al-miRNA-seq/fastq/SRR13934374.fastq.gz
GSM5159690,/nemo/lab/patanir/home/users/palk/Projects/0006-phase-condensation-of-repeats-in-neurons/analysis/00-manuscript/41-magen-et-al-miRNA-seq/fastq/SRR13934375.fastq.gz
GSM5159691,/nemo/lab/patanir/home/users/palk/Projects/0006-phase-condensation-of-repeats-in-neurons/analysis/00-manuscript/41-magen-et-al-miRNA-seq/fastq/SRR13934376.fastq.gz
GSM5159692,/nemo/lab/patanir/home/users/palk/Projects/0006-phase-condensation-of-repeats-in-neurons/analysis/00-manuscript/41-magen-et-al-miRNA-seq/fastq/SRR13934377.fastq.gz
GSM5159693,/nemo/lab/patanir/home/users/palk/Projects/0006-phase-condensation-of-repeats-in-neurons/analysis/00-manuscript/41-magen-et-al-miRNA-seq/fastq/SRR13934378.fastq.gz
GSM5159694,/nemo/lab/patanir/home/users/palk/Projects/0006-phase-condensation-of-repeats-in-neurons/analysis/00-manuscript/41-magen-et-al-miRNA-seq/fastq/SRR13934379.fastq.gz
GSM5159695,/nemo/lab/patanir/home/users/palk/Projects/0006-phase-condensation-of-repeats-in-neurons/analysis/00-manuscript/41-magen-et-al-miRNA-seq/fastq/SRR13934380.fastq.gz
GSM5159696,/nemo/lab/patanir/home/users/palk/Projects/0006-phase-condensation-of-repeats-in-neurons/analysis/00-manuscript/41-magen-et-al-miRNA-seq/fastq/SRR13934381.fastq.gz
GSM5159697,/nemo/lab/patanir/home/users/palk/Projects/0006-phase-condensation-of-repeats-in-neurons/analysis/00-manuscript/41-magen-et-al-miRNA-seq/fastq/SRR13934382.fastq.gz
GSM5159698,/nemo/lab/patanir/home/users/palk/Projects/0006-phase-condensation-of-repeats-in-neurons/analysis/00-manuscript/41-magen-et-al-miRNA-seq/fastq/SRR13934383.fastq.gz
GSM5159699,/nemo/lab/patanir/home/users/palk/Projects/0006-phase-condensation-of-repeats-in-neurons/analysis/00-manuscript/41-magen-et-al-miRNA-seq/fastq/SRR13934384.fastq.gz
GSM5159700,/nemo/lab/patanir/home/users/palk/Projects/0006-phase-condensation-of-repeats-in-neurons/analysis/00-manuscript/41-magen-et-al-miRNA-seq/fastq/SRR13934385.fastq.gz
GSM5159701,/nemo/lab/patanir/home/users/palk/Projects/0006-phase-condensation-of-repeats-in-neurons/analysis/00-manuscript/41-magen-et-al-miRNA-seq/fastq/SRR13934386.fastq.gz
GSM5159702,/nemo/lab/patanir/home/users/palk/Projects/0006-phase-condensation-of-repeats-in-neurons/analysis/00-manuscript/41-magen-et-al-miRNA-seq/fastq/SRR13934387.fastq.gz
GSM5159703,/nemo/lab/patanir/home/users/palk/Projects/0006-phase-condensation-of-repeats-in-neurons/analysis/00-manuscript/41-magen-et-al-miRNA-seq/fastq/SRR13934388.fastq.gz
GSM5159704,/nemo/lab/patanir/home/users/palk/Projects/0006-phase-condensation-of-repeats-in-neurons/analysis/00-manuscript/41-magen-et-al-miRNA-seq/fastq/SRR13934389.fastq.gz
GSM5159705,/nemo/lab/patanir/home/users/palk/Projects/0006-phase-condensation-of-repeats-in-neurons/analysis/00-manuscript/41-magen-et-al-miRNA-seq/fastq/SRR13934390.fastq.gz
GSM5159706,/nemo/lab/patanir/home/users/palk/Projects/0006-phase-condensation-of-repeats-in-neurons/analysis/00-manuscript/41-magen-et-al-miRNA-seq/fastq/SRR13934391.fastq.gz
GSM5159707,/nemo/lab/patanir/home/users/palk/Projects/0006-phase-condensation-of-repeats-in-neurons/analysis/00-manuscript/41-magen-et-al-miRNA-seq/fastq/SRR13934392.fastq.gz
GSM5159708,/nemo/lab/patanir/home/users/palk/Projects/0006-phase-condensation-of-repeats-in-neurons/analysis/00-manuscript/41-magen-et-al-miRNA-seq/fastq/SRR13934393.fastq.gz
GSM5159709,/nemo/lab/patanir/home/users/palk/Projects/0006-phase-condensation-of-repeats-in-neurons/analysis/00-manuscript/41-magen-et-al-miRNA-seq/fastq/SRR13934394.fastq.gz
GSM5159710,/nemo/lab/patanir/home/users/palk/Projects/0006-phase-condensation-of-repeats-in-neurons/analysis/00-manuscript/41-magen-et-al-miRNA-seq/fastq/SRR13934395.fastq.gz
GSM5159711,/nemo/lab/patanir/home/users/palk/Projects/0006-phase-condensation-of-repeats-in-neurons/analysis/00-manuscript/41-magen-et-al-miRNA-seq/fastq/SRR13934396.fastq.gz
GSM5159712,/nemo/lab/patanir/home/users/palk/Projects/0006-phase-condensation-of-repeats-in-neurons/analysis/00-manuscript/41-magen-et-al-miRNA-seq/fastq/SRR13934397.fastq.gz
GSM5159713,/nemo/lab/patanir/home/users/palk/Projects/0006-phase-condensation-of-repeats-in-neurons/analysis/00-manuscript/41-magen-et-al-miRNA-seq/fastq/SRR13934398.fastq.gz
GSM5159714,/nemo/lab/patanir/home/users/palk/Projects/0006-phase-condensation-of-repeats-in-neurons/analysis/00-manuscript/41-magen-et-al-miRNA-seq/fastq/SRR13934399.fastq.gz
GSM5159715,/nemo/lab/patanir/home/users/palk/Projects/0006-phase-condensation-of-repeats-in-neurons/analysis/00-manuscript/41-magen-et-al-miRNA-seq/fastq/SRR13934400.fastq.gz
GSM5159716,/nemo/lab/patanir/home/users/palk/Projects/0006-phase-condensation-of-repeats-in-neurons/analysis/00-manuscript/41-magen-et-al-miRNA-seq/fastq/SRR13934401.fastq.gz
GSM5159717,/nemo/lab/patanir/home/users/palk/Projects/0006-phase-condensation-of-repeats-in-neurons/analysis/00-manuscript/41-magen-et-al-miRNA-seq/fastq/SRR13934402.fastq.gz
GSM5159718,/nemo/lab/patanir/home/users/palk/Projects/0006-phase-condensation-of-repeats-in-neurons/analysis/00-manuscript/41-magen-et-al-miRNA-seq/fastq/SRR13934403.fastq.gz
GSM5159719,/nemo/lab/patanir/home/users/palk/Projects/0006-phase-condensation-of-repeats-in-neurons/analysis/00-manuscript/41-magen-et-al-miRNA-seq/fastq/SRR13934404.fastq.gz
GSM5159720,/nemo/lab/patanir/home/users/palk/Projects/0006-phase-condensation-of-repeats-in-neurons/analysis/00-manuscript/41-magen-et-al-miRNA-seq/fastq/SRR13934405.fastq.gz
GSM5159721,/nemo/lab/patanir/home/users/palk/Projects/0006-phase-condensation-of-repeats-in-neurons/analysis/00-manuscript/41-magen-et-al-miRNA-seq/fastq/SRR13934406.fastq.gz
GSM5159722,/nemo/lab/patanir/home/users/palk/Projects/0006-phase-condensation-of-repeats-in-neurons/analysis/00-manuscript/41-magen-et-al-miRNA-seq/fastq/SRR13934407.fastq.gz
GSM5159723,/nemo/lab/patanir/home/users/palk/Projects/0006-phase-condensation-of-repeats-in-neurons/analysis/00-manuscript/41-magen-et-al-miRNA-seq/fastq/SRR13934408.fastq.gz
GSM5159724,/nemo/lab/patanir/home/users/palk/Projects/0006-phase-condensation-of-repeats-in-neurons/analysis/00-manuscript/41-magen-et-al-miRNA-seq/fastq/SRR13934409.fastq.gz
GSM5159725,/nemo/lab/patanir/home/users/palk/Projects/0006-phase-condensation-of-repeats-in-neurons/analysis/00-manuscript/41-magen-et-al-miRNA-seq/fastq/SRR13934410.fastq.gz
GSM5159726,/nemo/lab/patanir/home/users/palk/Projects/0006-phase-condensation-of-repeats-in-neurons/analysis/00-manuscript/41-magen-et-al-miRNA-seq/fastq/SRR13934411.fastq.gz
GSM5159727,/nemo/lab/patanir/home/users/palk/Projects/0006-phase-condensation-of-repeats-in-neurons/analysis/00-manuscript/41-magen-et-al-miRNA-seq/fastq/SRR13934412.fastq.gz
GSM5159728,/nemo/lab/patanir/home/users/palk/Projects/0006-phase-condensation-of-repeats-in-neurons/analysis/00-manuscript/41-magen-et-al-miRNA-seq/fastq/SRR13934413.fastq.gz
GSM5159729,/nemo/lab/patanir/home/users/palk/Projects/0006-phase-condensation-of-repeats-in-neurons/analysis/00-manuscript/41-magen-et-al-miRNA-seq/fastq/SRR13934414.fastq.gz
GSM5159730,/nemo/lab/patanir/home/users/palk/Projects/0006-phase-condensation-of-repeats-in-neurons/analysis/00-manuscript/41-magen-et-al-miRNA-seq/fastq/SRR13934415.fastq.gz
GSM5159731,/nemo/lab/patanir/home/users/palk/Projects/0006-phase-condensation-of-repeats-in-neurons/analysis/00-manuscript/41-magen-et-al-miRNA-seq/fastq/SRR13934416.fastq.gz
GSM5159732,/nemo/lab/patanir/home/users/palk/Projects/0006-phase-condensation-of-repeats-in-neurons/analysis/00-manuscript/41-magen-et-al-miRNA-seq/fastq/SRR13934417.fastq.gz
GSM5159733,/nemo/lab/patanir/home/users/palk/Projects/0006-phase-condensation-of-repeats-in-neurons/analysis/00-manuscript/41-magen-et-al-miRNA-seq/fastq/SRR13934418.fastq.gz
GSM5159734,/nemo/lab/patanir/home/users/palk/Projects/0006-phase-condensation-of-repeats-in-neurons/analysis/00-manuscript/41-magen-et-al-miRNA-seq/fastq/SRR13934419.fastq.gz
GSM5159735,/nemo/lab/patanir/home/users/palk/Projects/0006-phase-condensation-of-repeats-in-neurons/analysis/00-manuscript/41-magen-et-al-miRNA-seq/fastq/SRR13934420.fastq.gz
GSM5159736,/nemo/lab/patanir/home/users/palk/Projects/0006-phase-condensation-of-repeats-in-neurons/analysis/00-manuscript/41-magen-et-al-miRNA-seq/fastq/SRR13934421.fastq.gz
GSM5159737,/nemo/lab/patanir/home/users/palk/Projects/0006-phase-condensation-of-repeats-in-neurons/analysis/00-manuscript/41-magen-et-al-miRNA-seq/fastq/SRR13934422.fastq.gz
GSM5159738,/nemo/lab/patanir/home/users/palk/Projects/0006-phase-condensation-of-repeats-in-neurons/analysis/00-manuscript/41-magen-et-al-miRNA-seq/fastq/SRR13934423.fastq.gz
GSM5159739,/nemo/lab/patanir/home/users/palk/Projects/0006-phase-condensation-of-repeats-in-neurons/analysis/00-manuscript/41-magen-et-al-miRNA-seq/fastq/SRR13934424.fastq.gz
GSM5159740,/nemo/lab/patanir/home/users/palk/Projects/0006-phase-condensation-of-repeats-in-neurons/analysis/00-manuscript/41-magen-et-al-miRNA-seq/fastq/SRR13934425.fastq.gz
GSM5159741,/nemo/lab/patanir/home/users/palk/Projects/0006-phase-condensation-of-repeats-in-neurons/analysis/00-manuscript/41-magen-et-al-miRNA-seq/fastq/SRR13934426.fastq.gz
GSM5159742,/nemo/lab/patanir/home/users/palk/Projects/0006-phase-condensation-of-repeats-in-neurons/analysis/00-manuscript/41-magen-et-al-miRNA-seq/fastq/SRR13934427.fastq.gz
GSM5159743,/nemo/lab/patanir/home/users/palk/Projects/0006-phase-condensation-of-repeats-in-neurons/analysis/00-manuscript/41-magen-et-al-miRNA-seq/fastq/SRR13934428.fastq.gz
GSM5159744,/nemo/lab/patanir/home/users/palk/Projects/0006-phase-condensation-of-repeats-in-neurons/analysis/00-manuscript/41-magen-et-al-miRNA-seq/fastq/SRR13934429.fastq.gz
GSM5159745,/nemo/lab/patanir/home/users/palk/Projects/0006-phase-condensation-of-repeats-in-neurons/analysis/00-manuscript/41-magen-et-al-miRNA-seq/fastq/SRR13934430.fastq.gz
GSM5159746,/nemo/lab/patanir/home/users/palk/Projects/0006-phase-condensation-of-repeats-in-neurons/analysis/00-manuscript/41-magen-et-al-miRNA-seq/fastq/SRR13934431.fastq.gz
GSM5159747,/nemo/lab/patanir/home/users/palk/Projects/0006-phase-condensation-of-repeats-in-neurons/analysis/00-manuscript/41-magen-et-al-miRNA-seq/fastq/SRR13934432.fastq.gz
GSM5159748,/nemo/lab/patanir/home/users/palk/Projects/0006-phase-condensation-of-repeats-in-neurons/analysis/00-manuscript/41-magen-et-al-miRNA-seq/fastq/SRR13934433.fastq.gz
GSM5159749,/nemo/lab/patanir/home/users/palk/Projects/0006-phase-condensation-of-repeats-in-neurons/analysis/00-manuscript/41-magen-et-al-miRNA-seq/fastq/SRR13934434.fastq.gz
GSM5159750,/nemo/lab/patanir/home/users/palk/Projects/0006-phase-condensation-of-repeats-in-neurons/analysis/00-manuscript/41-magen-et-al-miRNA-seq/fastq/SRR13934435.fastq.gz
GSM5159751,/nemo/lab/patanir/home/users/palk/Projects/0006-phase-condensation-of-repeats-in-neurons/analysis/00-manuscript/41-magen-et-al-miRNA-seq/fastq/SRR13934436.fastq.gz
GSM5159752,/nemo/lab/patanir/home/users/palk/Projects/0006-phase-condensation-of-repeats-in-neurons/analysis/00-manuscript/41-magen-et-al-miRNA-seq/fastq/SRR13934437.fastq.gz
GSM5159753,/nemo/lab/patanir/home/users/palk/Projects/0006-phase-condensation-of-repeats-in-neurons/analysis/00-manuscript/41-magen-et-al-miRNA-seq/fastq/SRR13934438.fastq.gz
GSM5159754,/nemo/lab/patanir/home/users/palk/Projects/0006-phase-condensation-of-repeats-in-neurons/analysis/00-manuscript/41-magen-et-al-miRNA-seq/fastq/SRR13934439.fastq.gz
GSM5159755,/nemo/lab/patanir/home/users/palk/Projects/0006-phase-condensation-of-repeats-in-neurons/analysis/00-manuscript/41-magen-et-al-miRNA-seq/fastq/SRR13934440.fastq.gz
GSM5159756,/nemo/lab/patanir/home/users/palk/Projects/0006-phase-condensation-of-repeats-in-neurons/analysis/00-manuscript/41-magen-et-al-miRNA-seq/fastq/SRR13934441.fastq.gz
GSM5159757,/nemo/lab/patanir/home/users/palk/Projects/0006-phase-condensation-of-repeats-in-neurons/analysis/00-manuscript/41-magen-et-al-miRNA-seq/fastq/SRR13934442.fastq.gz
GSM5159758,/nemo/lab/patanir/home/users/palk/Projects/0006-phase-condensation-of-repeats-in-neurons/analysis/00-manuscript/41-magen-et-al-miRNA-seq/fastq/SRR13934443.fastq.gz
GSM5159759,/nemo/lab/patanir/home/users/palk/Projects/0006-phase-condensation-of-repeats-in-neurons/analysis/00-manuscript/41-magen-et-al-miRNA-seq/fastq/SRR13934444.fastq.gz
GSM5159760,/nemo/lab/patanir/home/users/palk/Projects/0006-phase-condensation-of-repeats-in-neurons/analysis/00-manuscript/41-magen-et-al-miRNA-seq/fastq/SRR13934445.fastq.gz
GSM5159761,/nemo/lab/patanir/home/users/palk/Projects/0006-phase-condensation-of-repeats-in-neurons/analysis/00-manuscript/41-magen-et-al-miRNA-seq/fastq/SRR13934446.fastq.gz
GSM5159762,/nemo/lab/patanir/home/users/palk/Projects/0006-phase-condensation-of-repeats-in-neurons/analysis/00-manuscript/41-magen-et-al-miRNA-seq/fastq/SRR13934447.fastq.gz
GSM5159763,/nemo/lab/patanir/home/users/palk/Projects/0006-phase-condensation-of-repeats-in-neurons/analysis/00-manuscript/41-magen-et-al-miRNA-seq/fastq/SRR13934448.fastq.gz
GSM5159764,/nemo/lab/patanir/home/users/palk/Projects/0006-phase-condensation-of-repeats-in-neurons/analysis/00-manuscript/41-magen-et-al-miRNA-seq/fastq/SRR13934449.fastq.gz
GSM5159765,/nemo/lab/patanir/home/users/palk/Projects/0006-phase-condensation-of-repeats-in-neurons/analysis/00-manuscript/41-magen-et-al-miRNA-seq/fastq/SRR13934450.fastq.gz
GSM5159766,/nemo/lab/patanir/home/users/palk/Projects/0006-phase-condensation-of-repeats-in-neurons/analysis/00-manuscript/41-magen-et-al-miRNA-seq/fastq/SRR13934451.fastq.gz
GSM5159767,/nemo/lab/patanir/home/users/palk/Projects/0006-phase-condensation-of-repeats-in-neurons/analysis/00-manuscript/41-magen-et-al-miRNA-seq/fastq/SRR13934452.fastq.gz
GSM5159768,/nemo/lab/patanir/home/users/palk/Projects/0006-phase-condensation-of-repeats-in-neurons/analysis/00-manuscript/41-magen-et-al-miRNA-seq/fastq/SRR13934453.fastq.gz
GSM5159769,/nemo/lab/patanir/home/users/palk/Projects/0006-phase-condensation-of-repeats-in-neurons/analysis/00-manuscript/41-magen-et-al-miRNA-seq/fastq/SRR13934454.fastq.gz
GSM5159770,/nemo/lab/patanir/home/users/palk/Projects/0006-phase-condensation-of-repeats-in-neurons/analysis/00-manuscript/41-magen-et-al-miRNA-seq/fastq/SRR13934455.fastq.gz
GSM5159771,/nemo/lab/patanir/home/users/palk/Projects/0006-phase-condensation-of-repeats-in-neurons/analysis/00-manuscript/41-magen-et-al-miRNA-seq/fastq/SRR13934456.fastq.gz
GSM5159772,/nemo/lab/patanir/home/users/palk/Projects/0006-phase-condensation-of-repeats-in-neurons/analysis/00-manuscript/41-magen-et-al-miRNA-seq/fastq/SRR13934457.fastq.gz
GSM5159773,/nemo/lab/patanir/home/users/palk/Projects/0006-phase-condensation-of-repeats-in-neurons/analysis/00-manuscript/41-magen-et-al-miRNA-seq/fastq/SRR13934458.fastq.gz
GSM5159774,/nemo/lab/patanir/home/users/palk/Projects/0006-phase-condensation-of-repeats-in-neurons/analysis/00-manuscript/41-magen-et-al-miRNA-seq/fastq/SRR13934459.fastq.gz
GSM5159775,/nemo/lab/patanir/home/users/palk/Projects/0006-phase-condensation-of-repeats-in-neurons/analysis/00-manuscript/41-magen-et-al-miRNA-seq/fastq/SRR13934460.fastq.gz
GSM5159776,/nemo/lab/patanir/home/users/palk/Projects/0006-phase-condensation-of-repeats-in-neurons/analysis/00-manuscript/41-magen-et-al-miRNA-seq/fastq/SRR13934461.fastq.gz
GSM5159777,/nemo/lab/patanir/home/users/palk/Projects/0006-phase-condensation-of-repeats-in-neurons/analysis/00-manuscript/41-magen-et-al-miRNA-seq/fastq/SRR13934462.fastq.gz
GSM5159778,/nemo/lab/patanir/home/users/palk/Projects/0006-phase-condensation-of-repeats-in-neurons/analysis/00-manuscript/41-magen-et-al-miRNA-seq/fastq/SRR13934463.fastq.gz
GSM5159779,/nemo/lab/patanir/home/users/palk/Projects/0006-phase-condensation-of-repeats-in-neurons/analysis/00-manuscript/41-magen-et-al-miRNA-seq/fastq/SRR13934464.fastq.gz
GSM5159780,/nemo/lab/patanir/home/users/palk/Projects/0006-phase-condensation-of-repeats-in-neurons/analysis/00-manuscript/41-magen-et-al-miRNA-seq/fastq/SRR13934465.fastq.gz
GSM5159781,/nemo/lab/patanir/home/users/palk/Projects/0006-phase-condensation-of-repeats-in-neurons/analysis/00-manuscript/41-magen-et-al-miRNA-seq/fastq/SRR13934466.fastq.gz
GSM5159782,/nemo/lab/patanir/home/users/palk/Projects/0006-phase-condensation-of-repeats-in-neurons/analysis/00-manuscript/41-magen-et-al-miRNA-seq/fastq/SRR13934467.fastq.gz
GSM5159783,/nemo/lab/patanir/home/users/palk/Projects/0006-phase-condensation-of-repeats-in-neurons/analysis/00-manuscript/41-magen-et-al-miRNA-seq/fastq/SRR13934468.fastq.gz
GSM5159784,/nemo/lab/patanir/home/users/palk/Projects/0006-phase-condensation-of-repeats-in-neurons/analysis/00-manuscript/41-magen-et-al-miRNA-seq/fastq/SRR13934469.fastq.gz
GSM5159785,/nemo/lab/patanir/home/users/palk/Projects/0006-phase-condensation-of-repeats-in-neurons/analysis/00-manuscript/41-magen-et-al-miRNA-seq/fastq/SRR13934470.fastq.gz
GSM5159786,/nemo/lab/patanir/home/users/palk/Projects/0006-phase-condensation-of-repeats-in-neurons/analysis/00-manuscript/41-magen-et-al-miRNA-seq/fastq/SRR13934471.fastq.gz
GSM5159787,/nemo/lab/patanir/home/users/palk/Projects/0006-phase-condensation-of-repeats-in-neurons/analysis/00-manuscript/41-magen-et-al-miRNA-seq/fastq/SRR13934472.fastq.gz
GSM5159788,/nemo/lab/patanir/home/users/palk/Projects/0006-phase-condensation-of-repeats-in-neurons/analysis/00-manuscript/41-magen-et-al-miRNA-seq/fastq/SRR13934473.fastq.gz
GSM5159789,/nemo/lab/patanir/home/users/palk/Projects/0006-phase-condensation-of-repeats-in-neurons/analysis/00-manuscript/41-magen-et-al-miRNA-seq/fastq/SRR13934474.fastq.gz
GSM5159790,/nemo/lab/patanir/home/users/palk/Projects/0006-phase-condensation-of-repeats-in-neurons/analysis/00-manuscript/41-magen-et-al-miRNA-seq/fastq/SRR13934475.fastq.gz
GSM5159791,/nemo/lab/patanir/home/users/palk/Projects/0006-phase-condensation-of-repeats-in-neurons/analysis/00-manuscript/41-magen-et-al-miRNA-seq/fastq/SRR13934476.fastq.gz
GSM5159792,/nemo/lab/patanir/home/users/palk/Projects/0006-phase-condensation-of-repeats-in-neurons/analysis/00-manuscript/41-magen-et-al-miRNA-seq/fastq/SRR13934477.fastq.gz
GSM5159793,/nemo/lab/patanir/home/users/palk/Projects/0006-phase-condensation-of-repeats-in-neurons/analysis/00-manuscript/41-magen-et-al-miRNA-seq/fastq/SRR13934478.fastq.gz
GSM5159794,/nemo/lab/patanir/home/users/palk/Projects/0006-phase-condensation-of-repeats-in-neurons/analysis/00-manuscript/41-magen-et-al-miRNA-seq/fastq/SRR13934479.fastq.gz
GSM5159795,/nemo/lab/patanir/home/users/palk/Projects/0006-phase-condensation-of-repeats-in-neurons/analysis/00-manuscript/41-magen-et-al-miRNA-seq/fastq/SRR13934480.fastq.gz
GSM5159796,/nemo/lab/patanir/home/users/palk/Projects/0006-phase-condensation-of-repeats-in-neurons/analysis/00-manuscript/41-magen-et-al-miRNA-seq/fastq/SRR13934481.fastq.gz
GSM5159797,/nemo/lab/patanir/home/users/palk/Projects/0006-phase-condensation-of-repeats-in-neurons/analysis/00-manuscript/41-magen-et-al-miRNA-seq/fastq/SRR13934482.fastq.gz
GSM5159798,/nemo/lab/patanir/home/users/palk/Projects/0006-phase-condensation-of-repeats-in-neurons/analysis/00-manuscript/41-magen-et-al-miRNA-seq/fastq/SRR13934483.fastq.gz
GSM5159799,/nemo/lab/patanir/home/users/palk/Projects/0006-phase-condensation-of-repeats-in-neurons/analysis/00-manuscript/41-magen-et-al-miRNA-seq/fastq/SRR13934484.fastq.gz
GSM5159800,/nemo/lab/patanir/home/users/palk/Projects/0006-phase-condensation-of-repeats-in-neurons/analysis/00-manuscript/41-magen-et-al-miRNA-seq/fastq/SRR13934485.fastq.gz
GSM5159801,/nemo/lab/patanir/home/users/palk/Projects/0006-phase-condensation-of-repeats-in-neurons/analysis/00-manuscript/41-magen-et-al-miRNA-seq/fastq/SRR13934486.fastq.gz
GSM5159802,/nemo/lab/patanir/home/users/palk/Projects/0006-phase-condensation-of-repeats-in-neurons/analysis/00-manuscript/41-magen-et-al-miRNA-seq/fastq/SRR13934487.fastq.gz
GSM5159803,/nemo/lab/patanir/home/users/palk/Projects/0006-phase-condensation-of-repeats-in-neurons/analysis/00-manuscript/41-magen-et-al-miRNA-seq/fastq/SRR13934488.fastq.gz
GSM5159804,/nemo/lab/patanir/home/users/palk/Projects/0006-phase-condensation-of-repeats-in-neurons/analysis/00-manuscript/41-magen-et-al-miRNA-seq/fastq/SRR13934489.fastq.gz
GSM5159805,/nemo/lab/patanir/home/users/palk/Projects/0006-phase-condensation-of-repeats-in-neurons/analysis/00-manuscript/41-magen-et-al-miRNA-seq/fastq/SRR13934490.fastq.gz
GSM5159806,/nemo/lab/patanir/home/users/palk/Projects/0006-phase-condensation-of-repeats-in-neurons/analysis/00-manuscript/41-magen-et-al-miRNA-seq/fastq/SRR13934491.fastq.gz
GSM5159807,/nemo/lab/patanir/home/users/palk/Projects/0006-phase-condensation-of-repeats-in-neurons/analysis/00-manuscript/41-magen-et-al-miRNA-seq/fastq/SRR13934492.fastq.gz
GSM5159808,/nemo/lab/patanir/home/users/palk/Projects/0006-phase-condensation-of-repeats-in-neurons/analysis/00-manuscript/41-magen-et-al-miRNA-seq/fastq/SRR13934493.fastq.gz
GSM5159809,/nemo/lab/patanir/home/users/palk/Projects/0006-phase-condensation-of-repeats-in-neurons/analysis/00-manuscript/41-magen-et-al-miRNA-seq/fastq/SRR13934494.fastq.gz
GSM5159810,/nemo/lab/patanir/home/users/palk/Projects/0006-phase-condensation-of-repeats-in-neurons/analysis/00-manuscript/41-magen-et-al-miRNA-seq/fastq/SRR13934495.fastq.gz
GSM5159811,/nemo/lab/patanir/home/users/palk/Projects/0006-phase-condensation-of-repeats-in-neurons/analysis/00-manuscript/41-magen-et-al-miRNA-seq/fastq/SRR13934496.fastq.gz
GSM5159812,/nemo/lab/patanir/home/users/palk/Projects/0006-phase-condensation-of-repeats-in-neurons/analysis/00-manuscript/41-magen-et-al-miRNA-seq/fastq/SRR13934497.fastq.gz
GSM5159813,/nemo/lab/patanir/home/users/palk/Projects/0006-phase-condensation-of-repeats-in-neurons/analysis/00-manuscript/41-magen-et-al-miRNA-seq/fastq/SRR13934498.fastq.gz
GSM5159814,/nemo/lab/patanir/home/users/palk/Projects/0006-phase-condensation-of-repeats-in-neurons/analysis/00-manuscript/41-magen-et-al-miRNA-seq/fastq/SRR13934499.fastq.gz
GSM5159815,/nemo/lab/patanir/home/users/palk/Projects/0006-phase-condensation-of-repeats-in-neurons/analysis/00-manuscript/41-magen-et-al-miRNA-seq/fastq/SRR13934500.fastq.gz
GSM5159816,/nemo/lab/patanir/home/users/palk/Projects/0006-phase-condensation-of-repeats-in-neurons/analysis/00-manuscript/41-magen-et-al-miRNA-seq/fastq/SRR13934501.fastq.gz
GSM5159817,/nemo/lab/patanir/home/users/palk/Projects/0006-phase-condensation-of-repeats-in-neurons/analysis/00-manuscript/41-magen-et-al-miRNA-seq/fastq/SRR13934502.fastq.gz
GSM5159818,/nemo/lab/patanir/home/users/palk/Projects/0006-phase-condensation-of-repeats-in-neurons/analysis/00-manuscript/41-magen-et-al-miRNA-seq/fastq/SRR13934503.fastq.gz
GSM5159819,/nemo/lab/patanir/home/users/palk/Projects/0006-phase-condensation-of-repeats-in-neurons/analysis/00-manuscript/41-magen-et-al-miRNA-seq/fastq/SRR13934504.fastq.gz
GSM5159820,/nemo/lab/patanir/home/users/palk/Projects/0006-phase-condensation-of-repeats-in-neurons/analysis/00-manuscript/41-magen-et-al-miRNA-seq/fastq/SRR13934505.fastq.gz
GSM5159821,/nemo/lab/patanir/home/users/palk/Projects/0006-phase-condensation-of-repeats-in-neurons/analysis/00-manuscript/41-magen-et-al-miRNA-seq/fastq/SRR13934506.fastq.gz
GSM5159822,/nemo/lab/patanir/home/users/palk/Projects/0006-phase-condensation-of-repeats-in-neurons/analysis/00-manuscript/41-magen-et-al-miRNA-seq/fastq/SRR13934507.fastq.gz
GSM5159823,/nemo/lab/patanir/home/users/palk/Projects/0006-phase-condensation-of-repeats-in-neurons/analysis/00-manuscript/41-magen-et-al-miRNA-seq/fastq/SRR13934508.fastq.gz
GSM5159824,/nemo/lab/patanir/home/users/palk/Projects/0006-phase-condensation-of-repeats-in-neurons/analysis/00-manuscript/41-magen-et-al-miRNA-seq/fastq/SRR13934509.fastq.gz
GSM5159825,/nemo/lab/patanir/home/users/palk/Projects/0006-phase-condensation-of-repeats-in-neurons/analysis/00-manuscript/41-magen-et-al-miRNA-seq/fastq/SRR13934510.fastq.gz
GSM5159826,/nemo/lab/patanir/home/users/palk/Projects/0006-phase-condensation-of-repeats-in-neurons/analysis/00-manuscript/41-magen-et-al-miRNA-seq/fastq/SRR13934511.fastq.gz
GSM5159827,/nemo/lab/patanir/home/users/palk/Projects/0006-phase-condensation-of-repeats-in-neurons/analysis/00-manuscript/41-magen-et-al-miRNA-seq/fastq/SRR13934512.fastq.gz
GSM5159828,/nemo/lab/patanir/home/users/palk/Projects/0006-phase-condensation-of-repeats-in-neurons/analysis/00-manuscript/41-magen-et-al-miRNA-seq/fastq/SRR13934513.fastq.gz
GSM5159829,/nemo/lab/patanir/home/users/palk/Projects/0006-phase-condensation-of-repeats-in-neurons/analysis/00-manuscript/41-magen-et-al-miRNA-seq/fastq/SRR13934514.fastq.gz
GSM5159830,/nemo/lab/patanir/home/users/palk/Projects/0006-phase-condensation-of-repeats-in-neurons/analysis/00-manuscript/41-magen-et-al-miRNA-seq/fastq/SRR13934515.fastq.gz
GSM5159831,/nemo/lab/patanir/home/users/palk/Projects/0006-phase-condensation-of-repeats-in-neurons/analysis/00-manuscript/41-magen-et-al-miRNA-seq/fastq/SRR13934516.fastq.gz
GSM5159832,/nemo/lab/patanir/home/users/palk/Projects/0006-phase-condensation-of-repeats-in-neurons/analysis/00-manuscript/41-magen-et-al-miRNA-seq/fastq/SRR13934517.fastq.gz
GSM5159833,/nemo/lab/patanir/home/users/palk/Projects/0006-phase-condensation-of-repeats-in-neurons/analysis/00-manuscript/41-magen-et-al-miRNA-seq/fastq/SRR13934518.fastq.gz
GSM5159834,/nemo/lab/patanir/home/users/palk/Projects/0006-phase-condensation-of-repeats-in-neurons/analysis/00-manuscript/41-magen-et-al-miRNA-seq/fastq/SRR13934519.fastq.gz